Selection,Policy

1,A Copyright Notice: Copyright Â© 2021 by Elon Musk. All rights reserved. No part of this publication may be distributed in any form or by any means without written permission of the publisher. Except in the case of brief quotations embodied in critical reviews and certain other noncommercial uses permitted by copyright law. For permission requests write to the publisher address.

2,About: InCollege is an American business and employment-oriented online service that operates via websites and mobile apps. It is mainly used for professional networking including employers posting jobs and job seekers posting their CVs.

3,Accessibility: InCollege is committed to following WCAG and ARIA specifications.

4,User Agreement: With agreement to signing in, the user complies with terms and conditions.

5,Privacy Policy: It is with high aptitude and dedication that our team follows the JVS guidelines for protecting a user's information.

6,Cookie Policy: We have no cookies.

7,Copyright Policy: The rights to distribution belong tp the CEO and patents alike.

8,Brand Policy: With the use of branding, those who do not have written permission will be fined and taken to Supreme Court.